Student ID,Hours Studied,Hours Sleep,Number of Assignments,Distance from College,Grade
#25074,39, 40 , 5 , 2.14 ,58.5
#25083,21, 47 , 3 , 7.54 ,35
#25130,33, 61 , 8 , 20.82 ,90.51
#25221,25, 25 , 4 , 0.45 ,37.5
#25257,27, 50 , 6 , 2.53 ,63.79
#25360,35, 72 , 8 , 3.91 ,94.5
#25378,17, 41 , 3 , 0.56 ,38.25
#25395,26, 44 , 6 , 0.47 ,66.86
#25425,37, 45 , 7 , 1.35 ,76.11
#25432,20, 30 , 3 , 0.53 ,30
#25456,34, 47 , 7 , 1.04 ,80.33
#25465,20, 61 , 4 , 12.35 ,48
#25555,31, 45 , 6 , 1.25 ,72.33
#25617,17, 40 , 2 , 0.48 ,29.14
#25659,15, 38 , 2 , 1.09 ,22.5
#25666,21, 28 , 2 , 0.75 ,28
#25740,34, 50 , 6 , 3.29 ,71.4
#25743,16, 78 , 4 , 1.06 ,41.14
#25806,40, 60 , 8 , 1.89 ,84
#25863,34, 88 , 8 , 24.30 ,100
#26006,27, 50 , 6 , 25.84 ,70.88
#26037,39, 54 , 10 , 12.67 ,100
#26039,39, 74 , 9 , 4.57 ,93.6
#26089,32, 30 , 6 , 17.26 ,60
#26148,30, 43 , 5 , 1.04 ,50.63
#26248,38, 36 , 6 , 4.10 ,68.4
#26421,15, 57 , 3 , 0.04 ,35.44
#26427,33, 35 , 7 , 2.11 ,70.4
#26436,26, 49 , 4 , 0.23 ,46.8
#26454,25, 56 , 5 , 2.05 ,48.21
#26549,20, 52 , 4 , 4.46 ,42.86
#26582,23, 58 , 6 , 0.58 ,60.38
#26614,28, 74 , 5 , 0.39 ,66.15
#26735,35, 48 , 7 , 2.82 ,75
#26795,24, 73 , 5 , 0.54 ,56
#26861,25, 52 , 6 , 2.11 ,60
#26872,25, 77 , 7 , 5.30 ,77.14
#27013,34, 53 , 7 , 10.75 ,79.33
#27044,27, 63 , 4 , 1.31 ,54
#27065,16, 26 , 2 , 0.49 ,24
#27067,27, 45 , 6 , 5.37 ,64.8
#27096,32, 59 , 6 , 11.72 ,68.57
#27108,16, 48 , 3 , 1.18 ,30
#27145,17, 37 , 2 , 0.12 ,25.5
#27288,20, 56 , 6 , 1.10 ,61.71
#27296,32, 78 , 8 , 7.41 ,84
#27299,22, 25 , 3 , 1.09 ,33
#27326,36, 58 , 7 , 0.95 ,67.2
#27360,32, 60 , 7 , 9.91 ,82.29
#27375,31, 54 , 5 , 1.10 ,65.1
#27460,39, 63 , 7 , 3.11 ,81.9
#27494,33, 76 , 8 , 4.84 ,89.1
#27503,23, 62 , 4 , 1.09 ,51.75
#27566,26, 40 , 4 , 2.35 ,41.6
#27643,30, 37 , 4 , 1.03 ,45
#27710,23, 57 , 4 , 3.92 ,47.31
#27725,23, 45 , 4 , 0.45 ,41.4
#27734,33, 76 , 7 , 4.79 ,86.63
#27802,21, 58 , 3 , 1.02 ,39.2
#27884,30, 72 , 7 , 4.25 ,82.29
#27977,16, 82 , 4 , 1.76 ,43.89
#28063,33, 36 , 5 , 9.05 ,55.69
#28086,26, 55 , 5 , 1.59 ,58.5
#28292,34, 57 , 6 , 0.51 ,61.2
#28308,27, 56 , 5 , 3.84 ,56.7
#28360,23, 57 , 4 , 1.11 ,46.58
#28362,31, 55 , 7 , 3.62 ,74.4
#28363,34, 70 , 8 , 24.13 ,100
#28475,38, 60 , 7 , 10.90 ,79.8
#28512,28, 41 , 6 , 6.73 ,57.6
#28523,17, 72 , 4 , 6.09 ,43.71
#28725,29, 40 , 6 , 2.39 ,60.9
#28785,38, 58 , 7 , 4.94 ,81.07
#28802,38, 64 , 9 , 1.23 ,100
#28875,28, 29 , 5 , 3.24 ,50.4
#29093,40, 32 , 7 , 0.51 ,77.14
#29161,30, 43 , 6 , 15.53 ,60.75
#29162,26, 49 , 5 , 1.67 ,54.6
#29195,29, 47 , 7 , 2.95 ,77.33
#29242,23, 63 , 6 , 0.99 ,62.1
#29354,23, 98 , 7 , 4.79 ,70.97
#29355,35, 40 , 8 , 1.19 ,90
#29384,28, 26 , 4 , 0.56 ,44.8
#29398,18, 64 , 5 , 3.38 ,49.37
#29433,24, 30 , 4 , 8.08 ,44.8
#29481,29, 43 , 4 , 0.05 ,52.2
#29512,33, 36 , 7 , 2.71 ,69.3
#29613,16, 53 , 3 , 0.72 ,30.86
#29620,32, 31 , 6 , 0.49 ,64
#29650,15, 55 , 3 , 4.97 ,35
#29701,22, 58 , 5 , 19.31 ,56.57
#29769,22, 49 , 6 , 3.21 ,66
#29835,18, 40 , 3 , 1.18 ,33.6
#29851,38, 41 , 9 , 22.63 ,91.2
#29969,27, 65 , 6 , 10.06 ,64.8
#30003,23, 63 , 4 , 1.12 ,53.67
#30040,35, 45 , 6 , 1.07 ,65.33
#30312,30, 89 , 9 , 0.29 ,100
#30358,29, 37 , 4 , 0.03 ,49.71
#30390,26, 66 , 8 , 14.56 ,78
#30409,24, 71 , 5 , 0.30 ,63
#30571,35, 54 , 7 , 1.74 ,74.67
#30575,36, 48 , 5 , 0.77 ,61.71
#30698,37, 47 , 5 , 1.01 ,55.5
#30787,18, 34 , 3 , 0.38 ,36.45
#30864,24, 81 , 6 , 0.56 ,64
#30869,18, 57 , 3 , 0.74 ,34.71
#30890,16, 55 , 3 , 3.28 ,37.8
#30961,22, 49 , 4 , 3.74 ,47.14
#30993,27, 57 , 6 , 4.20 ,70.88
#31036,31, 69 , 6 , 3.14 ,69.75
#31166,20, 48 , 3 , 0.85 ,36
#31170,36, 73 , 9 , 0.22 ,97.2
#31184,28, 38 , 6 , 1.69 ,67.2
#31298,35, 30 , 5 , 1.66 ,52.5
#31313,17, 77 , 4 , 1.24 ,45.9
#31328,36, 43 , 9 , 2.97 ,96
#31419,39, 50 , 6 , 0.42 ,65.81
#31429,32, 76 , 7 , 0.56 ,76.8
#31557,22, 34 , 3 , 6.51 ,33
#31589,17, 66 , 4 , 1.33 ,40.8
#31744,18, 71 , 4 , 0.35 ,42
#31754,25, 54 , 8 , 0.81 ,85.71
#31896,22, 45 , 4 , 0.53 ,42.43
#31903,39, 41 , 8 , 5.49 ,81.9
#31942,19, 56 , 3 , 0.48 ,34.2
#32099,37, 68 , 10 , 1.56 ,100
#32114,30, 74 , 6 , 0.75 ,70.88
#32184,30, 57 , 6 , 0.97 ,72
#32302,34, 49 , 5 , 3.62 ,57.38
#32332,22, 68 , 4 , 0.93 ,52.8
#32336,16, 72 , 4 , 34.75 ,43.89
#32416,31, 41 , 6 , 0.32 ,62
#32454,15, 39 , 4 , 1.85 ,36
#32479,32, 30 , 4 , 0.47 ,48
#32566,40, 35 , 7 , 3.06 ,75
#32604,35, 83 , 10 , 39.87 ,100
#32625,16, 58 , 3 , 2.04 ,32.91
#32625,28, 45 , 6 , 1.54 ,67.2
#32630,40, 59 , 9 , 5.84 ,100
#32657,37, 58 , 8 , 3.36 ,85.63
#32678,19, 63 , 4 , 1.01 ,45.6
#32702,31, 56 , 5 , 0.44 ,55.8
#32773,33, 47 , 7 , 10.00 ,70.4
#32855,20, 30 , 3 , 3.08 ,37.5
#32872,34, 38 , 7 , 0.31 ,80.33
#32955,21, 75 , 5 , 2.53 ,55.13
#32955,39, 30 , 6 , 1.68 ,62.4
#33083,23, 78 , 6 , 2.88 ,70.97
#33144,32, 87 , 7 , 2.16 ,87.77
#33165,38, 50 , 9 , 0.84 ,100
#33202,25, 59 , 5 , 19.04 ,53.33
#33227,20, 54 , 4 , 1.45 ,40.5
#33240,37, 58 , 7 , 7.73 ,85.63
#33438,40, 32 , 7 , 0.30 ,74.67
#33442,18, 33 , 3 , 5.73 ,33.75
#33462,34, 37 , 4 , 5.72 ,45.33
#33466,28, 47 , 4 , 2.37 ,44.8
#33485,29, 37 , 4 , 1.04 ,38.67
#33502,26, 68 , 6 , 2.01 ,62.4
#33592,32, 28 , 5 , 1.87 ,53.33
#33684,38, 62 , 7 , 11.42 ,76.95
#33957,32, 32 , 5 , 1.64 ,51.2
#33982,27, 45 , 4 , 3.42 ,46.29
#34108,24, 50 , 4 , 12.71 ,46.29
#34173,34, 52 , 10 , 2.46 ,100
#34175,31, 50 , 6 , 16.66 ,62.78
#34176,21, 41 , 5 , 5.68 ,55.13
#34301,18, 45 , 3 , 2.67 ,32.4
#34400,21, 33 , 4 , 0.46 ,37.8
#34426,38, 49 , 6 , 3.92 ,73.29
#34450,40, 34 , 8 , 0.75 ,84
#34466,17, 62 , 4 , 10.53 ,45.9
#34534,24, 60 , 4 , 0.55 ,48
#34668,39, 45 , 10 , 0.92 ,100
#34701,15, 65 , 4 , 13.37 ,45
#34753,25, 57 , 8 , 1.66 ,85.71
#34851,26, 91 , 7 , 0.57 ,89.14
#34918,38, 37 , 5 , 4.29 ,63.33
#34928,18, 57 , 5 , 3.02 ,61.71
#34968,33, 35 , 7 , 3.19 ,69.3
#35000,31, 41 , 7 , 0.81 ,72.33
#35020,31, 29 , 4 , 1.17 ,51.67
#35049,25, 52 , 5 , 5.00 ,48.21
#35087,35, 49 , 10 , 4.92 ,96
#35129,34, 41 , 6 , 2.93 ,65.57
#35178,25, 35 , 4 , 3.42 ,50
#35233,18, 65 , 3 , 4.00 ,37.03
#35264,26, 65 , 5 , 3.57 ,55.71
#35272,38, 47 , 7 , 0.17 ,81.07
#35298,28, 41 , 3 , 0.27 ,37.33
#35380,29, 41 , 5 , 1.13 ,55.93
#35423,37, 34 , 6 , 3.43 ,62.44
#35602,16, 76 , 4 , 0.54 ,48
#35634,25, 60 , 5 , 0.75 ,56.25
#35640,37, 38 , 6 , 0.84 ,55.5
#35697,31, 44 , 5 , 8.48 ,66.13
#35763,22, 52 , 5 , 8.32 ,59.4
#35811,25, 53 , 4 , 2.44 ,46.88
#35906,33, 46 , 6 , 0.17 ,66.83
#35912,25, 61 , 5 , 0.91 ,59.06
#35919,27, 50 , 7 , 3.25 ,72.9
#35919,37, 57 , 8 , 6.39 ,88.8
#35955,18, 53 , 3 , 8.12 ,37.03
#36000,17, 59 , 3 , 2.16 ,34.97
#36056,28, 77 , 7 , 1.75 ,84
#36114,31, 51 , 8 , 8.43 ,93
#36264,18, 46 , 2 , 0.81 ,30
#36390,23, 73 , 5 , 1.25 ,63.09
#36428,16, 38 , 2 , 0.89 ,24
#36543,33, 50 , 6 , 3.14 ,69.3
#36600,19, 33 , 3 , 4.19 ,28.5
#36641,26, 42 , 5 , 3.32 ,55.47
#36683,30, 38 , 5 , 2.39 ,60.75
#36790,22, 46 , 3 , 2.26 ,33
#36840,15, 40 , 2 , 0.87 ,22.5
#36899,36, 40 , 8 , 3.34 ,86.4
#36921,38, 71 , 8 , 2.25 ,89.78
#37140,37, 38 , 7 , 21.11 ,79.29
#37161,29, 38 , 6 , 3.10 ,65.25
#37203,35, 50 , 6 , 5.61 ,60
#37204,26, 36 , 4 , 0.90 ,48.75
#37371,21, 43 , 5 , 10.38 ,50.4
#37418,25, 102 , 8 , 0.46 ,85.71
#37535,28, 23 , 4 , 0.26 ,42
#37610,34, 70 , 10 , 3.43 ,100
#37637,20, 34 , 4 , 0.47 ,40.5
#37637,39, 44 , 9 , 1.56 ,100
#37653,37, 45 , 6 , 3.63 ,63.43
#37758,40, 61 , 10 , 7.95 ,100
#37836,40, 41 , 5 , 8.04 ,53.33
#37916,18, 44 , 4 , 2.68 ,43.2
#38043,24, 63 , 5 , 1.77 ,56.7
#38082,39, 58 , 7 , 3.20 ,87.75
#38119,28, 66 , 8 , 2.22 ,84
#38219,29, 79 , 7 , 0.95 ,74.57
#38245,35, 37 , 6 , 7.78 ,70
#38309,25, 36 , 5 , 3.30 ,46.88
#38334,19, 40 , 3 , 5.75 ,34.2
#38336,36, 37 , 7 , 0.19 ,74.06
#38337,34, 45 , 6 , 5.72 ,61.2
#38378,36, 56 , 6 , 1.06 ,64.8
#38457,33, 73 , 8 , 20.52 ,88
#38582,28, 45 , 4 , 0.50 ,52.27
#38588,28, 26 , 3 , 1.78 ,42
#38598,15, 74 , 3 , 0.58 ,35.44
#38844,24, 73 , 5 , 18.37 ,57.6
#38866,35, 59 , 7 , 2.14 ,81.67
#38886,18, 65 , 3 , 17.47 ,40.5
#39003,26, 46 , 6 , 2.23 ,60.67
#39027,26, 46 , 5 , 11.63 ,62.4
#39049,16, 44 , 2 , 1.29 ,24
#39061,28, 39 , 4 , 0.49 ,44.8
#39098,32, 25 , 4 , 0.38 ,48
#39194,21, 67 , 5 , 23.74 ,50.4
#39266,33, 47 , 5 , 1.67 ,55.69
#39270,29, 36 , 5 , 7.88 ,52.2
#39289,22, 82 , 5 , 1.96 ,67.89
#39366,39, 55 , 9 , 27.48 ,100
#39386,34, 52 , 8 , 3.64 ,81.6
#39489,19, 45 , 3 , 3.62 ,32.57
#39491,26, 51 , 8 , 8.21 ,78
#39558,37, 40 , 5 , 11.35 ,61.67
#39607,19, 35 , 4 , 0.18 ,35.63
#39623,15, 74 , 4 , 3.64 ,41.14
#39717,34, 56 , 5 , 14.53 ,65.57
#39851,35, 52 , 6 , 8.02 ,73.5
#39899,39, 58 , 9 , 1.13 ,100
#39979,21, 39 , 5 , 10.26 ,50.4
#39995,38, 50 , 9 , 2.92 ,100
#40044,25, 38 , 6 , 1.23 ,58.33
#40065,21, 49 , 4 , 8.35 ,44.1
#40071,25, 38 , 3 , 0.49 ,33.33
#40099,33, 39 , 5 , 0.61 ,56.57
#40153,36, 32 , 6 , 1.44 ,72
#40229,39, 45 , 9 , 4.27 ,93.6
#40236,28, 46 , 4 , 0.11 ,42
#40293,34, 56 , 6 , 1.45 ,63.75
#40341,18, 59 , 4 , 1.12 ,41.66
#40354,23, 46 , 5 , 0.31 ,54.34
#40468,32, 25 , 4 , 3.97 ,48
#40613,37, 68 , 8 , 3.01 ,88.8
#40707,35, 41 , 7 , 9.31 ,75
#40731,25, 71 , 8 , 18.41 ,85.71
#40739,32, 27 , 5 , 4.95 ,51.2
#40779,27, 66 , 5 , 2.89 ,56.7
#40795,34, 34 , 6 , 0.81 ,68
#41017,33, 32 , 6 , 1.86 ,61.6
#41033,19, 51 , 3 , 1.79 ,35.47
#41057,37, 74 , 9 , 2.42 ,100
#41136,20, 42 , 3 , 0.09 ,37.5
#41192,37, 53 , 6 , 0.81 ,69.38
#41204,20, 59 , 4 , 0.21 ,42.67
#41265,22, 34 , 4 , 2.74 ,41.07
#41323,27, 48 , 4 , 1.58 ,43.2
#41379,37, 70 , 9 , 6.30 ,100
#41406,18, 64 , 4 , 1.88 ,42.53
#41514,25, 30 , 3 , 1.04 ,37.5
#41666,17, 56 , 4 , 0.46 ,39.67
#41669,22, 59 , 4 , 1.77 ,46.2
#41704,35, 68 , 7 , 6.53 ,82.69
#41737,15, 36 , 3 , 1.19 ,27
#41794,32, 76 , 8 , 3.31 ,84
#41902,40, 61 , 8 , 4.09 ,96
#41984,26, 81 , 7 , 0.93 ,78
#42026,17, 64 , 5 , 2.69 ,52.46
#42048,36, 65 , 7 , 0.77 ,83.31
#42104,18, 58 , 3 , 0.82 ,38.57
#42105,37, 32 , 6 , 0.85 ,66.6
#42151,15, 44 , 4 , 3.29 ,40
#42175,37, 60 , 8 , 5.30 ,88.8
#42281,17, 63 , 4 , 2.08 ,45.9
#42295,25, 32 , 4 , 1.40 ,40
#42350,18, 32 , 3 , 2.50 ,30.86
#42456,27, 25 , 4 , 1.64 ,40.5
#42487,31, 47 , 6 , 4.38 ,72.33
#42516,29, 49 , 6 , 0.39 ,67.11
#42572,39, 57 , 9 , 0.74 ,100
#42610,15, 78 , 3 , 4.76 ,40.5
#42634,29, 55 , 5 , 8.61 ,52.2
#42764,26, 66 , 6 , 0.29 ,68.25
#42866,24, 60 , 7 , 2.35 ,72
#42901,25, 43 , 4 , 0.50 ,42.19
#42980,34, 48 , 5 , 0.38 ,65.57
#42990,19, 59 , 3 , 3.48 ,38
#42998,16, 37 , 2 , 0.24 ,26.67
#43081,23, 63 , 5 , 0.37 ,53.67
#43106,38, 35 , 7 , 0.49 ,73.29
#43151,36, 49 , 6 , 0.97 ,60.75
#43177,20, 41 , 5 , 1.28 ,52.5
#43211,32, 29 , 4 , 3.12 ,48
#43257,24, 85 , 7 , 6.88 ,82.29
#43290,23, 84 , 5 , 8.54 ,63.09
#43318,40, 59 , 9 , 6.91 ,93.33
#43320,30, 31 , 5 , 15.16 ,54
#43377,36, 60 , 8 , 11.44 ,97.2
#43442,39, 51 , 9 , 3.67 ,93.6
#43481,30, 47 , 6 , 1.24 ,57.86
#43513,18, 65 , 4 , 24.15 ,47.25
#43523,22, 58 , 5 , 0.73 ,51.33
#43539,38, 38 , 7 , 0.78 ,81.43
#43593,17, 42 , 3 , 2.11 ,28.69
#43681,32, 79 , 9 , 4.62 ,98.74
#43696,38, 38 , 6 , 1.18 ,70.93
#43725,30, 45 , 4 , 1.05 ,45
#43747,36, 72 , 9 , 16.06 ,97.2
#43778,34, 72 , 10 , 1.45 ,100
#43806,35, 63 , 6 , 0.36 ,73.5
#43832,30, 76 , 7 , 22.24 ,90
#43882,32, 73 , 7 , 2.70 ,76.8
#43919,36, 35 , 6 , 0.33 ,75.6
#43995,15, 56 , 4 , 1.17 ,40
#44001,21, 35 , 3 , 2.02 ,35
#44035,20, 77 , 5 , 15.90 ,54.86
#44035,30, 77 , 8 , 7.55 ,81
#44079,15, 47 , 3 , 1.04 ,30.38
#44107,36, 50 , 6 , 3.87 ,60
#44199,20, 53 , 4 , 1.69 ,48
#44207,20, 72 , 5 , 3.55 ,54
#44367,33, 54 , 6 , 0.30 ,59.4
#44478,24, 54 , 6 , 4.76 ,57.6
#44498,24, 76 , 6 , 3.94 ,64
#44509,21, 46 , 4 , 3.98 ,47.25
#44523,15, 67 , 3 , 0.10 ,32.14
#44649,39, 46 , 8 , 4.39 ,87.75
#44765,25, 34 , 4 , 2.77 ,42.19
#44951,21, 44 , 4 , 2.78 ,39.38
#45015,18, 29 , 2 , 2.43 ,24
#45036,31, 74 , 6 , 4.05 ,74.4
#45079,37, 63 , 9 , 1.30 ,97.13
#45122,36, 54 , 5 , 0.66 ,67.2
#45158,15, 40 , 2 , 0.60 ,25
#45179,26, 62 , 4 , 3.69 ,52
#45231,15, 48 , 2 , 1.02 ,25
#45300,37, 73 , 9 , 9.23 ,99.9
#45334,19, 43 , 3 , 1.19 ,32.57
#45369,19, 99 , 6 , 3.24 ,65.14
#45406,28, 101 , 9 , 14.50 ,96
#45482,22, 56 , 3 , 0.48 ,39.6
#45534,37, 42 , 6 , 2.20 ,62.44
#45546,39, 53 , 7 , 18.78 ,70.2
#45555,40, 37 , 8 , 4.81 ,90
#45602,34, 41 , 5 , 8.96 ,45.33
#45611,35, 41 , 8 , 2.91 ,78.75
#45615,35, 59 , 6 , 2.60 ,70
#45653,28, 48 , 4 , 2.07 ,46.67
#45682,18, 25 , 2 , 1.57 ,27
#45715,23, 46 , 4 , 0.05 ,38.81
#45805,25, 21 , 3 , 1.97 ,33.33
#45821,27, 49 , 5 , 0.55 ,52.07
#45907,36, 50 , 5 , 1.63 ,60
#45911,23, 41 , 5 , 1.84 ,51.75
#45934,20, 58 , 3 , 19.39 ,42
#46054,22, 49 , 4 , 9.36 ,45.26
#46165,29, 22 , 4 , 0.26 ,38.67
#46320,31, 37 , 5 , 4.93 ,53.14
#46351,24, 32 , 4 , 0.44 ,43.2
#46375,21, 57 , 5 , 1.25 ,48.6
#46548,37, 55 , 8 , 0.37 ,98.67
#46666,22, 51 , 6 , 4.31 ,67.89
#46745,37, 22 , 5 , 6.73 ,49.33
#46823,26, 76 , 7 , 1.71 ,89.14
#46859,25, 72 , 6 , 0.97 ,58.33
#46889,36, 58 , 7 , 0.47 ,75.6
#46899,34, 61 , 8 , 23.86 ,100
#46902,16, 68 , 3 , 0.85 ,37.33
#46944,22, 40 , 4 , 0.29 ,51.98
#46950,28, 49 , 6 , 1.65 ,67.2
#46964,27, 31 , 4 , 5.51 ,45
#47005,39, 42 , 7 , 2.55 ,78.98
#47023,39, 66 , 8 , 6.35 ,90.26
#47106,26, 38 , 4 , 3.10 ,44.57
#47148,18, 75 , 4 , 1.47 ,46.29
#47174,38, 59 , 7 , 1.05 ,81.07
#47258,31, 62 , 7 , 2.04 ,74.4
#47271,33, 60 , 8 , 12.26 ,77
#47277,26, 40 , 6 , 8.69 ,60.67
#47367,27, 56 , 5 , 6.94 ,56.7
#47448,33, 36 , 6 , 13.06 ,69.3
#47569,35, 52 , 7 , 1.12 ,74.67
#47718,19, 68 , 5 , 13.49 ,49.88
#47732,35, 39 , 5 , 0.13 ,52.5
#47799,36, 49 , 10 , 22.94 ,97.2
#47805,23, 31 , 3 , 0.30 ,38.33
#48058,26, 63 , 5 , 35.82 ,62.4
#48076,25, 46 , 5 , 4.16 ,50.63
#48147,35, 52 , 8 , 14.37 ,84
#48151,29, 58 , 6 , 0.13 ,55.93
#48171,32, 66 , 7 , 2.14 ,67.2
#48224,28, 55 , 5 , 1.05 ,56
#48261,22, 44 , 5 , 8.25 ,51.33
#48269,33, 41 , 8 , 5.16 ,79.2
#48296,23, 55 , 6 , 4.84 ,62.1
#48341,26, 27 , 4 , 0.17 ,44.57
#48361,17, 62 , 3 , 0.51 ,34.43
#48469,30, 39 , 5 , 4.98 ,63
#48485,16, 34 , 3 , 0.70 ,32.4
#48565,27, 58 , 8 , 8.94 ,81
#48586,35, 61 , 9 , 1.73 ,96
#48602,22, 56 , 3 , 4.54 ,41.25
#48602,39, 45 , 8 , 5.01 ,91
#48649,37, 59 , 8 , 9.17 ,85.63
#48659,18, 40 , 3 , 0.35 ,32.4
#48659,22, 50 , 4 , 3.56 ,45.26
#48764,18, 27 , 2 , 2.48 ,27
#48829,15, 37 , 3 , 1.52 ,32.14
#48850,35, 48 , 5 , 0.73 ,56
#48859,35, 53 , 6 , 3.32 ,65.63
#48902,29, 38 , 7 , 12.72 ,69.6
#48919,17, 82 , 4 , 0.05 ,46.63
#48987,36, 45 , 8 , 2.91 ,85.05
#49235,35, 34 , 7 , 2.38 ,70
#49243,26, 65 , 6 , 3.10 ,60.17
#49265,28, 27 , 4 , 0.19 ,37.33
#49293,25, 70 , 5 , 0.61 ,60
#49383,38, 46 , 6 , 2.30 ,60.8
#49472,16, 79 , 4 , 3.06 ,43.2
#49585,40, 49 , 8 , 5.41 ,96
#49642,16, 92 , 4 , 3.98 ,49.37
#49752,30, 55 , 5 , 0.73 ,56
#49780,27, 49 , 4 , 2.08 ,50.63
#49798,26, 52 , 5 , 0.14 ,60.17
#49802,15, 53 , 3 , 0.86 ,30
#49821,31, 59 , 6 , 4.67 ,65.1
#49834,29, 43 , 6 , 0.37 ,69.6
#49893,21, 55 , 4 , 0.28 ,40.5
#49898,24, 70 , 6 , 11.54 ,74.06
#50002,22, 40 , 4 , 1.85 ,36.67
#50081,18, 32 , 3 , 0.21 ,30.38
#50102,30, 51 , 5 , 2.24 ,56.25
#50174,27, 72 , 7 , 1.49 ,81
#50185,16, 84 , 5 , 0.48 ,54.86
#50189,26, 53 , 7 , 3.54 ,80.23
#50295,17, 64 , 4 , 1.15 ,40.8
#50315,25, 32 , 4 , 0.67 ,46.88
#50476,15, 73 , 4 , 1.20 ,40
#50556,40, 76 , 9 , 5.74 ,96
#50573,37, 73 , 8 , 2.69 ,87.41
#50656,24, 36 , 3 , 6.95 ,38.4
#50801,25, 60 , 5 , 1.30 ,56.25
#50902,24, 41 , 5 , 1.17 ,56
#50907,21, 57 , 6 , 0.12 ,63
#50976,36, 58 , 7 , 3.66 ,84
#51000,35, 25 , 6 , 0.37 ,56
#51003,31, 49 , 5 , 0.50 ,55.8
#51007,39, 50 , 6 , 2.66 ,72.8
#51011,27, 57 , 5 , 1.36 ,54.68
#51034,27, 41 , 5 , 0.35 ,57.86
#51037,24, 39 , 4 , 0.33 ,44.8
#51050,21, 73 , 4 , 2.06 ,49.61
#51068,25, 58 , 6 , 2.00 ,58.33
#51112,16, 37 , 3 , 1.78 ,34.29
#51112,33, 44 , 6 , 0.68 ,70.4
#51141,35, 33 , 6 , 2.66 ,58.33
#51215,36, 58 , 7 , 36.88 ,72.9
#51218,30, 23 , 4 , 2.59 ,40
#51258,39, 65 , 8 , 0.79 ,92.14
#51265,26, 29 , 3 , 0.35 ,34.67
#51267,37, 51 , 8 , 2.01 ,87.41
#51297,19, 31 , 3 , 0.16 ,34.2
#51305,38, 74 , 9 , 14.92 ,100
#51429,34, 39 , 8 , 3.22 ,81.6
#51431,16, 26 , 2 , 1.20 ,24
#51499,32, 38 , 5 , 0.13 ,48
#51508,23, 44 , 4 , 1.22 ,41.4
#51564,27, 57 , 9 , 7.68 ,92.57
#51565,30, 59 , 5 , 1.71 ,64.29
#51579,26, 60 , 8 , 2.99 ,78
#51757,31, 42 , 4 , 1.68 ,53.14
#51765,21, 52 , 5 , 0.35 ,47.25
#51765,24, 47 , 4 , 1.56 ,49.37
#51778,15, 47 , 2 , 5.36 ,25.31
#51855,26, 50 , 7 , 15.85 ,78
#51884,32, 46 , 5 , 24.23 ,54
#51897,20, 33 , 3 , 2.82 ,33.33
#51904,39, 41 , 6 , 3.80 ,73.13
#51955,37, 25 , 5 , 6.83 ,55.5
#52013,34, 48 , 5 , 3.27 ,54.4
#52016,24, 53 , 4 , 2.57 ,41.14
#52023,25, 83 , 6 , 8.44 ,67.5
#52026,17, 49 , 3 , 4.92 ,30.6
#52076,37, 43 , 9 , 2.78 ,95.14
#52099,30, 55 , 7 , 0.80 ,72
#52136,37, 39 , 6 , 0.50 ,59.2
#52195,36, 30 , 6 , 4.12 ,61.71
#52256,40, 69 , 10 , 2.38 ,100
#52302,39, 59 , 9 , 1.10 ,100
#52395,37, 36 , 7 , 4.82 ,85.63
#52430,26, 44 , 4 , 0.33 ,44.57
#52444,17, 33 , 2 , 1.34 ,22.67
#52451,29, 25 , 4 , 2.23 ,43.5
#52507,34, 40 , 7 , 3.42 ,71.4
#52594,29, 33 , 3 , 0.66 ,38.67
#52606,22, 49 , 6 , 0.72 ,59.4
#52640,32, 58 , 7 , 3.96 ,72
#52689,22, 51 , 4 , 2.85 ,47.14
#52716,23, 48 , 3 , 1.37 ,38.33
#52765,19, 71 , 5 , 1.29 ,49.88
#52778,24, 95 , 7 , 3.20 ,74.06
#52788,36, 66 , 7 , 2.96 ,75.6
#52790,17, 46 , 3 , 0.54 ,28.69
#52965,37, 38 , 7 , 8.08 ,77.7
#52988,28, 66 , 6 , 9.66 ,64.8
#53046,40, 77 , 10 , 0.92 ,100
#53097,31, 58 , 6 , 23.61 ,65.1
#53165,33, 35 , 5 , 1.19 ,56.57
#53207,39, 45 , 9 , 3.75 ,100
#53256,21, 68 , 4 , 5.23 ,45
#53280,32, 49 , 6 , 2.17 ,67.2
#53315,35, 59 , 8 , 3.43 ,100
#53416,23, 84 , 6 , 5.42 ,70.97
#53453,18, 51 , 3 , 1.57 ,36
#53470,15, 59 , 3 , 1.73 ,31.5
#53505,32, 55 , 7 , 2.79 ,86.4
#53588,37, 38 , 8 , 1.22 ,86.33
#53727,20, 49 , 5 , 2.97 ,48
#53844,28, 50 , 5 , 6.32 ,59.73
#53872,18, 57 , 3 , 0.61 ,32.4
#53888,24, 53 , 6 , 0.86 ,72
#53906,38, 51 , 7 , 55.29 ,76
#53917,17, 63 , 5 , 1.31 ,58.29
#53968,15, 26 , 2 , 2.66 ,20
#53993,33, 58 , 7 , 4.03 ,70.71
#54116,38, 72 , 9 , 3.26 ,100
#54198,37, 42 , 8 , 1.74 ,86.33
#54204,18, 40 , 3 , 0.28 ,32.4
#54397,40, 37 , 8 , 0.52 ,92.57
#54449,33, 25 , 4 , 7.93 ,49.5
#54516,30, 45 , 4 , 0.68 ,51.43
#54594,35, 79 , 9 , 2.04 ,93.33
#54613,39, 38 , 8 , 0.49 ,83.57
#54663,39, 51 , 5 , 3.65 ,66.86
#54664,24, 46 , 4 , 0.93 ,40.5
#54694,15, 55 , 4 , 5.57 ,36
#54777,16, 36 , 2 , 0.39 ,24
#54784,33, 62 , 8 , 14.00 ,86.63
#54788,16, 42 , 3 , 1.43 ,28.8
#54825,33, 72 , 7 , 3.81 ,88
#55063,28, 46 , 6 , 4.77 ,67.2
#55097,32, 63 , 8 , 5.00 ,85.33
#55152,40, 69 , 9 , 16.38 ,100
#55285,33, 61 , 6 , 0.09 ,70.4
#55298,20, 68 , 5 , 6.12 ,48
#55341,39, 32 , 7 , 1.36 ,78.98
#55647,28, 81 , 8 , 3.91 ,96
#55695,26, 54 , 5 , 4.42 ,55.71
#55715,24, 63 , 6 , 0.80 ,61.71
#55796,28, 62 , 6 , 0.98 ,67.2
#55806,25, 70 , 6 , 0.39 ,64.29
#55822,19, 31 , 3 , 2.01 ,34.2
#55925,32, 88 , 9 , 1.38 ,100
#55937,16, 34 , 2 , 4.71 ,26.67
#55992,35, 31 , 4 , 8.93 ,52.5
#56007,33, 57 , 9 , 3.70 ,89.1
#56083,29, 53 , 4 , 0.37 ,48.94
#56174,30, 41 , 5 , 17.09 ,54
#56339,38, 72 , 8 , 0.68 ,100
#56594,19, 37 , 3 , 0.66 ,32.57
#56630,40, 42 , 7 , 0.79 ,85.71
#56726,40, 33 , 6 , 35.17 ,74.67
#56744,28, 87 , 7 , 0.60 ,84
#56796,35, 65 , 6 , 1.41 ,75
#56915,22, 23 , 2 , 0.56 ,29.33
#56953,34, 60 , 7 , 3.21 ,71.4
#57027,35, 47 , 7 , 2.78 ,81
#57073,38, 81 , 9 , 1.85 ,100
#57192,15, 40 , 3 , 3.42 ,31.5
#57202,37, 49 , 10 , 1.22 ,100
#57272,27, 36 , 5 , 0.47 ,60.75
#57290,35, 45 , 8 , 6.83 ,82.69
#57315,31, 64 , 7 , 21.10 ,85.03
#57370,26, 49 , 4 , 0.49 ,43.88
#57391,16, 76 , 4 , 1.63 ,42.67
#57408,15, 49 , 3 , 4.76 ,38.57
#57417,17, 73 , 5 , 3.59 ,46.63
#57491,26, 32 , 4 , 4.58 ,43.88
#57564,37, 26 , 6 , 6.65 ,59.2
#57590,15, 54 , 3 , 1.06 ,33.75
#57617,38, 50 , 7 , 1.30 ,88.67
#57644,21, 46 , 4 , 0.72 ,39.38
#57670,17, 44 , 2 , 0.76 ,27.2
#57672,37, 63 , 8 , 18.76 ,88.8
#57676,24, 59 , 4 , 5.01 ,46.29
#57715,38, 52 , 6 , 0.84 ,64.13
#57769,38, 44 , 6 , 1.45 ,65.14
#57946,27, 60 , 6 , 1.61 ,63
#57952,37, 65 , 7 , 20.61 ,77.7
#57994,33, 40 , 7 , 0.42 ,74.25
#58013,35, 48 , 6 , 0.62 ,67.5
#58087,20, 50 , 4 , 1.37 ,40
#58093,26, 26 , 3 , 0.26 ,34.67
#58099,26, 51 , 4 , 2.85 ,46.8
#58156,33, 41 , 5 , 1.05 ,55
#58190,35, 47 , 4 , 1.52 ,52.5
#58200,36, 35 , 5 , 11.54 ,54
#58234,18, 74 , 4 , 0.40 ,43.2
#58290,31, 54 , 9 , 3.88 ,95.66
#58405,36, 42 , 8 , 5.53 ,86.4
#58413,20, 58 , 5 , 1.78 ,54
#58414,17, 32 , 3 , 0.57 ,34.97
#58425,16, 33 , 3 , 0.17 ,32.91
#58569,18, 52 , 3 , 1.04 ,33.75
#58592,17, 41 , 3 , 0.98 ,32.79
#58594,34, 36 , 6 , 0.40 ,65.57
#58631,38, 44 , 6 , 1.23 ,68.4
#58648,20, 48 , 4 , 12.01 ,48
#58654,19, 76 , 4 , 1.32 ,45.6
#58757,36, 34 , 5 , 1.01 ,54
#58794,24, 72 , 6 , 2.73 ,57.6
#58873,31, 93 , 10 , 6.74 ,100
#58879,21, 54 , 3 , 3.13 ,36
#58909,28, 42 , 4 , 11.38 ,50.4
#58925,22, 61 , 6 , 0.26 ,67.89
#59115,35, 83 , 9 , 2.55 ,100
#59204,26, 56 , 4 , 0.16 ,53.49
#59347,36, 58 , 9 , 4.41 ,100
#59455,37, 71 , 8 , 0.19 ,87.41
#59465,33, 92 , 10 , 10.56 ,99
#59481,24, 48 , 5 , 5.69 ,51.43
#59503,35, 49 , 9 , 0.31 ,93.33
#59782,16, 64 , 3 , 3.45 ,32.91
#59923,36, 45 , 6 , 3.10 ,75.6
#59955,34, 32 , 5 , 1.64 ,57.38
#60003,19, 64 , 4 , 0.47 ,45.6
#60013,30, 63 , 7 , 42.43 ,80
#60019,30, 56 , 5 , 1.40 ,56
#60025,34, 62 , 6 , 13.28 ,78.69
#60046,37, 40 , 5 , 2.71 ,55.5
#60057,15, 67 , 3 , 0.55 ,32
#60100,31, 31 , 5 , 8.87 ,57.87
#60108,17, 57 , 3 , 0.18 ,39.67
#60182,38, 64 , 7 , 0.63 ,79.8
#60192,31, 29 , 4 , 1.96 ,46.5
#60196,20, 40 , 4 , 11.17 ,42.67
#60210,38, 38 , 7 , 0.34 ,81.07
#60266,16, 41 , 3 , 5.95 ,33.6
#60375,30, 76 , 7 , 8.98 ,72
#60409,32, 53 , 6 , 1.58 ,67.2
#60439,40, 68 , 9 , 4.68 ,100
#60514,28, 39 , 5 , 0.86 ,65.33
#60516,21, 85 , 6 , 4.11 ,64.8
#60551,31, 63 , 8 , 1.27 ,95.66
#60659,33, 73 , 10 , 2.92 ,100
#60703,20, 48 , 3 , 1.80 ,33.33
#60748,18, 60 , 5 , 0.45 ,48.6
#60758,34, 48 , 7 , 2.16 ,81.6
#60832,23, 79 , 5 , 0.92 ,61.33
#60836,21, 42 , 3 , 1.82 ,33.6
#61002,36, 63 , 9 , 0.46 ,86.4
#61014,22, 26 , 3 , 4.18 ,35.2
#61028,20, 62 , 4 , 1.20 ,40
#61029,22, 25 , 3 , 1.41 ,33
#61043,22, 38 , 4 , 0.19 ,46.2
#61055,19, 50 , 5 , 2.57 ,50.67
#61068,25, 28 , 4 , 0.25 ,45
#61083,26, 36 , 3 , 1.35 ,34.67
#61096,27, 85 , 8 , 1.42 ,92.57
#61167,17, 71 , 5 , 0.22 ,52.46
#61346,38, 42 , 6 , 3.53 ,64.13
#61419,24, 39 , 3 , 0.40 ,32
#61454,39, 32 , 5 , 1.16 ,52
#61472,34, 47 , 6 , 2.95 ,68.85
#61507,18, 29 , 3 , 0.75 ,32.4
#61569,18, 57 , 3 , 0.61 ,37.8
#61740,16, 63 , 5 , 5.64 ,54.86
#61830,32, 46 , 4 , 1.88 ,54
#61909,35, 34 , 6 , 0.91 ,60
#61975,34, 54 , 8 , 3.78 ,90.67
#62040,26, 33 , 4 , 1.44 ,44.57
#62087,16, 61 , 4 , 4.00 ,38.4
#62110,36, 77 , 9 , 2.99 ,100
#62235,34, 44 , 6 , 0.47 ,68.85
#62240,28, 83 , 7 , 5.99 ,73.5
#62283,35, 41 , 6 , 3.03 ,60
#62341,38, 50 , 5 , 8.75 ,60.8
#62344,15, 65 , 4 , 10.62 ,46.29
#62354,24, 44 , 4 , 1.33 ,45
#62393,19, 70 , 5 , 1.41 ,57
#62414,34, 89 , 8 , 10.79 ,100
#62433,16, 29 , 2 , 11.82 ,21.33
#62581,19, 45 , 5 , 2.85 ,45.6
#62652,32, 32 , 3 , 0.64 ,42.67
#62747,24, 42 , 5 , 2.98 ,57.6
#62806,16, 24 , 2 , 0.02 ,24
#62949,24, 35 , 5 , 3.84 ,50.4
#63011,36, 60 , 6 , 1.85 ,69.43
#63135,15, 47 , 2 , 1.25 ,30
#63175,34, 68 , 7 , 14.49 ,89.25
#63222,23, 63 , 4 , 4.39 ,53.67
#63225,29, 38 , 6 , 0.30 ,60.9
#63234,33, 49 , 6 , 0.50 ,69.3
#63357,25, 33 , 5 , 7.95 ,51.43
#63479,19, 48 , 4 , 0.66 ,44.89
#63497,36, 34 , 5 , 4.78 ,54
#63506,33, 48 , 5 , 1.08 ,59.4
#63568,31, 75 , 7 , 5.23 ,73.24
#63631,35, 32 , 5 , 9.42 ,56
#63642,18, 62 , 4 , 1.15 ,37.03
#63663,36, 59 , 8 , 6.98 ,96
#63669,34, 64 , 7 , 3.87 ,87.43
#63675,28, 83 , 7 , 0.73 ,73.5
#63707,26, 52 , 4 , 2.66 ,46.8
#63783,39, 36 , 4 , 1.71 ,52
#63819,39, 68 , 8 , 0.69 ,100
#63844,33, 36 , 5 , 2.53 ,59.4
#63942,36, 37 , 8 , 12.50 ,77.14
#63977,24, 36 , 5 , 5.37 ,51.43
#63996,35, 50 , 7 , 4.49 ,74.67
#64098,36, 78 , 8 , 1.90 ,97.2
#64110,33, 51 , 8 , 2.41 ,86.63
#64240,38, 30 , 5 , 0.48 ,64.13
#64267,24, 81 , 7 , 0.43 ,82.29
#64271,25, 37 , 4 , 2.79 ,42.19
#64295,35, 43 , 9 , 12.76 ,96
#64362,16, 46 , 3 , 3.06 ,27.43
#64401,36, 38 , 5 , 1.00 ,54
#64493,16, 77 , 4 , 1.44 ,43.89
#64562,36, 66 , 7 , 35.52 ,75.6
#64611,32, 41 , 6 , 2.73 ,74.67
#64626,33, 43 , 6 , 0.21 ,66
#64647,26, 50 , 7 , 12.08 ,80.23
#64674,23, 51 , 6 , 1.48 ,60.38
#64914,25, 30 , 4 , 14.47 ,46.88
#64914,22, 31 , 3 , 2.08 ,39.6
#64919,32, 43 , 5 , 4.75 ,54.86
#65045,36, 70 , 8 , 6.44 ,96
#65102,20, 54 , 7 , 5.09 ,68.57
#65153,27, 75 , 6 , 6.18 ,64.8
#65156,22, 43 , 4 , 0.72 ,42.43
#65167,15, 66 , 3 , 0.33 ,36
#65167,30, 53 , 6 , 7.58 ,64
#65182,40, 33 , 6 , 0.54 ,67.5
#65184,20, 49 , 3 , 0.64 ,33.75
#65191,36, 25 , 5 , 3.66 ,54
#65213,26, 63 , 8 , 4.49 ,80.23
#65261,19, 51 , 4 , 0.72 ,45.6
#65277,23, 39 , 3 , 2.16 ,39.43
#65292,28, 38 , 4 , 0.19 ,50.4
#65332,25, 71 , 7 , 0.53 ,67.5
#65341,28, 86 , 8 , 4.41 ,86.4
#65413,27, 67 , 5 , 0.83 ,64.8
#65420,34, 47 , 8 , 4.36 ,93.26
#65463,38, 49 , 5 , 4.53 ,63.33
#65472,25, 45 , 4 , 0.19 ,51.43
#65479,19, 67 , 4 , 3.35 ,40.53
#65480,33, 38 , 4 , 0.43 ,44
#65569,35, 47 , 5 , 4.83 ,58.33
#65580,15, 82 , 4 , 4.03 ,40
#65586,23, 75 , 6 , 1.39 ,69
#65660,35, 45 , 6 , 0.24 ,63
#65718,16, 47 , 3 , 4.57 ,32.91
#65737,22, 74 , 5 , 1.12 ,51.33
#65839,15, 90 , 4 , 3.13 ,45
#65878,24, 34 , 4 , 3.34 ,48.6
#65954,17, 34 , 3 , 0.38 ,34.97
#66023,24, 66 , 5 , 5.20 ,55.54
#66092,32, 50 , 8 , 4.96 ,96
#66110,16, 49 , 3 , 2.28 ,33.6
#66184,33, 48 , 6 , 4.09 ,74.25
#66221,35, 79 , 8 , 7.17 ,100
#66246,23, 53 , 5 , 4.13 ,55.2
#66257,40, 64 , 9 , 2.64 ,100
#66277,36, 54 , 10 , 0.75 ,100
#66279,23, 81 , 6 , 4.37 ,59.14
#66322,31, 76 , 7 , 5.38 ,83.7
#66337,28, 94 , 8 , 3.18 ,84
#66388,18, 88 , 5 , 1.45 ,55.54
#66389,17, 77 , 4 , 2.23 ,45.9
#66433,35, 61 , 8 , 0.13 ,81
#66476,25, 39 , 3 , 9.94 ,37.5
#66517,28, 36 , 5 , 2.56 ,52.27
#66580,38, 33 , 6 , 2.79 ,63.33
#66591,30, 48 , 6 , 39.68 ,72
#66621,15, 68 , 4 , 8.96 ,38.57
#66727,26, 27 , 3 , 0.08 ,34.67
#66762,17, 47 , 4 , 1.17 ,51
#66812,17, 50 , 4 , 2.10 ,40.16
#66826,38, 52 , 9 , 0.86 ,100
#66902,19, 45 , 3 , 0.29 ,30.4
#66984,15, 38 , 3 , 2.58 ,28.13
#66985,30, 60 , 7 , 12.67 ,78.75
#67023,40, 69 , 8 , 0.95 ,100
#67075,32, 83 , 8 , 4.53 ,86.4
#67195,38, 48 , 7 , 2.09 ,79.8
#67227,38, 44 , 6 , 14.61 ,68.4
#67240,17, 45 , 3 , 0.30 ,30.6
#67246,35, 84 , 8 , 25.90 ,100
#67272,32, 47 , 6 , 2.38 ,74.06
#67280,27, 34 , 5 , 14.64 ,56.7
#67353,34, 46 , 7 , 0.11 ,81.6
#67417,25, 50 , 4 , 2.13 ,48.21
#67563,17, 43 , 3 , 0.12 ,34.97
#67587,19, 55 , 3 , 3.19 ,36.64
#67624,17, 56 , 4 , 1.59 ,45.33
#67625,24, 57 , 5 , 22.92 ,55.54
#67679,20, 41 , 4 , 4.01 ,42.86
#67720,27, 46 , 5 , 9.09 ,56.7
#67758,30, 51 , 6 , 0.97 ,61.71
#67813,16, 45 , 4 , 0.57 ,37.03
#67841,28, 52 , 4 , 2.26 ,54
#67858,32, 65 , 8 , 1.79 ,86.4
#67900,37, 44 , 8 , 2.76 ,95.14
#67928,21, 65 , 4 , 0.90 ,45
#67929,20, 33 , 2 , 0.60 ,30
#67945,20, 58 , 4 , 11.40 ,45
#67965,40, 51 , 8 , 0.95 ,100
#68000,23, 42 , 4 , 1.45 ,55.2
#68129,24, 48 , 5 , 1.66 ,51.2
#68287,38, 32 , 5 , 1.34 ,57
#68301,32, 57 , 6 , 4.42 ,76.8
#68338,36, 48 , 8 , 6.74 ,86.4
#68373,40, 45 , 6 , 5.90 ,68.57
#68472,27, 59 , 5 , 4.34 ,56.7
#68494,34, 45 , 7 , 2.00 ,71.4
#68506,39, 57 , 6 , 8.72 ,70.2
#68544,34, 61 , 7 , 8.04 ,90.67
#68663,17, 36 , 2 , 0.63 ,25.5
#68669,28, 81 , 7 , 0.11 ,72
#68706,40, 46 , 7 , 10.87 ,75
#68902,37, 71 , 9 , 4.33 ,99.9
#68944,16, 41 , 2 , 0.37 ,24
#68991,21, 84 , 5 , 1.48 ,56.7
#69042,39, 78 , 10 , 0.56 ,100
#69117,17, 39 , 4 , 6.47 ,40.8
#69172,21, 64 , 6 , 2.11 ,63
#69188,35, 49 , 8 , 7.04 ,78.75
#69217,35, 49 , 7 , 3.46 ,70
#69224,25, 61 , 5 , 2.53 ,53.33
#69251,29, 70 , 6 , 4.03 ,69.6
#69310,32, 50 , 7 , 1.87 ,76.8
#69321,21, 71 , 5 , 1.35 ,56.7
#69345,24, 34 , 4 , 1.83 ,46.29
#69347,34, 42 , 6 , 13.86 ,71.4
#69374,21, 40 , 3 , 0.79 ,39.38
#69382,22, 60 , 5 , 0.68 ,52.8
#69388,28, 27 , 4 , 1.38 ,42
#69406,39, 36 , 5 , 1.83 ,58.5
#69481,31, 53 , 5 , 0.35 ,63.77
#69566,21, 63 , 6 , 0.66 ,64.8
#69621,15, 63 , 4 , 10.99 ,46.29
#69629,35, 30 , 6 , 0.44 ,63
#69683,22, 63 , 5 , 0.27 ,51.98
#69843,40, 37 , 8 , 17.02 ,93.33
#69847,24, 28 , 3 , 1.72 ,32
#69893,19, 32 , 3 , 0.20 ,32.06
#69932,26, 33 , 5 , 0.25 ,52
#69935,21, 77 , 6 , 108.04 ,63
#69978,23, 32 , 3 , 0.23 ,34.5
#70022,32, 42 , 6 , 0.61 ,57.6
#70038,21, 62 , 5 , 1.04 ,50.4
#70051,18, 48 , 3 , 0.24 ,30.38
#70065,37, 53 , 8 , 1.13 ,88.8
#70074,38, 67 , 9 , 6.26 ,91.2
#70100,27, 43 , 5 , 1.08 ,57.86
#70119,23, 78 , 6 , 2.56 ,63.09
#70141,31, 49 , 7 , 0.84 ,71.74
#70144,16, 34 , 2 , 0.21 ,24
#70170,40, 67 , 8 , 0.14 ,96
#70173,32, 49 , 7 , 24.65 ,74.06
#70205,24, 46 , 5 , 5.97 ,55.54
#70224,22, 58 , 5 , 0.86 ,50.91
#70289,35, 62 , 6 , 0.69 ,70
#70317,18, 62 , 5 , 0.50 ,61.71
#70343,35, 63 , 7 , 0.78 ,73.5
#70393,35, 39 , 7 , 0.88 ,82.69
#70393,29, 81 , 7 , 38.45 ,78.3
#70418,29, 59 , 6 , 1.41 ,58.73
#70462,27, 40 , 5 , 2.74 ,54
#70492,16, 86 , 4 , 1.19 ,43.89
#70494,21, 33 , 4 , 1.18 ,44.1
#70532,26, 27 , 3 , 1.60 ,39
#70570,22, 64 , 4 , 0.54 ,44.55
#70732,39, 44 , 8 , 2.60 ,100
#70742,32, 45 , 6 , 3.54 ,68.27
#70753,23, 33 , 4 , 5.84 ,42.93
#70810,18, 61 , 4 , 0.88 ,41.66
#70989,23, 73 , 5 , 3.18 ,55.2
#71002,21, 47 , 4 , 2.41 ,47.25
#71005,20, 36 , 2 , 1.37 ,26.67
#71039,22, 42 , 4 , 28.02 ,52.8
#71040,25, 49 , 4 , 17.43 ,51.43
#71130,19, 71 , 4 , 1.96 ,51.3
#71190,37, 34 , 6 , 4.05 ,69.38
#71256,35, 34 , 5 , 5.63 ,58.33
#71329,36, 50 , 6 , 1.78 ,64.8
#71388,34, 56 , 8 , 2.39 ,80.33
#71392,40, 34 , 6 , 0.73 ,64
#71439,30, 38 , 5 , 1.03 ,54
#71484,29, 53 , 5 , 1.99 ,58.73
#71539,15, 50 , 3 , 2.20 ,39.38
#71603,37, 67 , 8 , 7.66 ,83.25
#71634,40, 77 , 10 , 4.17 ,100
#71642,38, 62 , 8 , 7.41 ,91.2
#71664,32, 42 , 7 , 3.12 ,68.57
#71731,15, 46 , 2 , 0.35 ,25.71
#71930,38, 36 , 5 , 1.30 ,50.67
#71934,31, 65 , 8 , 4.87 ,83.7
#71938,32, 38 , 5 , 0.67 ,64
#71945,22, 49 , 6 , 0.66 ,66
#71949,18, 49 , 3 , 4.06 ,30.38
#72020,34, 64 , 7 , 6.49 ,81.6
#72109,33, 78 , 9 , 1.49 ,100
#72121,19, 29 , 2 , 1.12 ,25.33
#72155,16, 46 , 3 , 12.84 ,32
#72201,19, 49 , 3 , 0.18 ,32.57
#72236,30, 38 , 5 , 2.13 ,51.43
#72271,30, 33 , 5 , 0.34 ,54
#72280,25, 91 , 8 , 0.51 ,77.14
#72405,27, 41 , 5 , 1.00 ,48.6
#72465,29, 60 , 6 , 2.57 ,67.67
#72529,19, 105 , 6 , 5.45 ,65.14
#72698,32, 71 , 9 , 11.59 ,100
#72707,36, 55 , 8 , 3.94 ,84
#72766,23, 53 , 5 , 13.82 ,55.2
#72774,37, 39 , 8 , 1.03 ,88.8
#72794,21, 63 , 4 , 0.27 ,47.25
#72824,32, 32 , 6 , 3.16 ,61.71
#72894,32, 37 , 6 , 11.53 ,74.67
#72984,18, 70 , 4 , 14.18 ,43.2
#72986,17, 64 , 4 , 1.00 ,40.8
#73024,27, 35 , 3 , 0.28 ,36
#73040,34, 35 , 6 , 15.48 ,65.57
#73171,36, 53 , 6 , 8.03 ,67.5
#73205,23, 44 , 3 , 0.86 ,36.8
#73301,29, 42 , 6 , 8.07 ,61.87
#73362,20, 48 , 4 , 1.54 ,42.86
#73388,30, 57 , 8 , 1.72 ,81
#73466,34, 72 , 7 , 0.91 ,81.6
#73564,31, 56 , 7 , 1.64 ,71.74
#73581,38, 40 , 6 , 2.37 ,63.33
#73603,31, 33 , 6 , 0.61 ,65.1
#73665,39, 46 , 9 , 0.52 ,100
#73700,39, 47 , 8 , 1.16 ,81.9
#73715,18, 79 , 5 , 7.52 ,48.6
#73757,32, 55 , 5 , 2.59 ,64
#73816,39, 65 , 7 , 3.28 ,83.2
#73858,25, 44 , 5 , 2.98 ,60
#73959,22, 61 , 5 , 1.45 ,51.98
#74009,21, 51 , 6 , 1.97 ,57.6
#74062,22, 39 , 4 , 2.37 ,41.07
#74100,21, 42 , 5 , 4.12 ,54
#74139,24, 65 , 6 , 1.55 ,74.06
#74142,39, 53 , 6 , 0.44 ,65.81
#74144,15, 93 , 4 , 0.34 ,46.29
#74151,33, 41 , 8 , 1.71 ,79.2
#74220,26, 59 , 6 , 2.73 ,60.17
#74230,16, 83 , 4 , 1.71 ,43.2
#74322,40, 42 , 6 , 4.22 ,64
#74398,32, 69 , 9 , 5.10 ,96
#74435,35, 27 , 4 , 7.57 ,46.67
#74461,39, 36 , 6 , 1.85 ,65
#74486,37, 39 , 7 , 30.01 ,88.8
#74522,27, 67 , 8 , 0.34 ,83.31
#74600,19, 74 , 6 , 7.14 ,65.14
#74622,32, 59 , 7 , 5.53 ,82.29
#74630,37, 27 , 6 , 1.76 ,61.67
#74747,24, 101 , 7 , 22.24 ,82.29
#74775,35, 44 , 6 , 26.05 ,70.88
#74874,28, 44 , 7 , 1.55 ,76.8
#74942,17, 70 , 5 , 0.95 ,52.46
